Topic,Owner,Owner URL,Repository Name,Repository URL,Description,Stars
Awesome Lists,sindresorhus,https://github.com/sindresorhus,awesome,https://github.com/sindresorhus/awesome,ğŸ˜ Awesome lists about all kinds of interesting topics,431000
Awesome Lists,vinta,https://github.com/vinta,awesome-python,https://github.com/vinta/awesome-python,"An opinionated list of awesome Python frameworks, libraries, software and resources.",279000
Awesome Lists,awesome-selfhosted,https://github.com/awesome-selfhosted,awesome-selfhosted,https://github.com/awesome-selfhosted/awesome-selfhosted,A list of Free Software network services and web applications which can be hosted on your own servers,269000
Awesome Lists,trimstray,https://github.com/trimstray,the-book-of-secret-knowledge,https://github.com/trimstray/the-book-of-secret-knowledge,"A collection of inspiring lists, manuals, cheatsheets, blogs, hacks, one-liners, cli/web tools and more.",203000
Awesome Lists,avelino,https://github.com/avelino,awesome-go,https://github.com/avelino/awesome-go,"A curated list of awesome Go frameworks, libraries and software",163000
Awesome Lists,521xueweihan,https://github.com/521xueweihan,HelloGitHub,https://github.com/521xueweihan/HelloGitHub,"åˆ†äº« GitHub ä¸Šæœ‰è¶£ã€å…¥é—¨çº§çš„å¼€æºé¡¹ç›®ã€‚Share interesting, entry-level open source projects on GitHub.",141000
Awesome Lists,Hack-with-Github,https://github.com/Hack-with-Github,Awesome-Hacking,https://github.com/Hack-with-Github/Awesome-Hacking,"A collection of various awesome lists for hackers, pentesters and security researchers",105000
Awesome Lists,papers-we-love,https://github.com/papers-we-love,papers-we-love,https://github.com/papers-we-love/papers-we-love,Papers from the computer science community to read and discuss.,102000
Awesome Lists,jaywcjlove,https://github.com/jaywcjlove,awesome-mac,https://github.com/jaywcjlove/awesome-mac,"ï£¿ Now we have become very big, Different from the original idea. Collect premium software in various categories.",97900
Awesome Lists,MunGell,https://github.com/MunGell,awesome-for-beginners,https://github.com/MunGell/awesome-for-beginners,A list of awesome beginners-friendly projects.,81800
Awesome Lists,DopplerHQ,https://github.com/DopplerHQ,awesome-interview-questions,https://github.com/DopplerHQ/awesome-interview-questions,A curated awesome list of lists of interview questions. Feel free to contribute! ğŸ“,80300
Awesome Lists,enaqx,https://github.com/enaqx,awesome-react,https://github.com/enaqx/awesome-react,A collection of awesome things regarding React ecosystem,71700
Awesome Lists,fffaraz,https://github.com/fffaraz,awesome-cpp,https://github.com/fffaraz/awesome-cpp,"A curated list of awesome C++ (or C) frameworks, libraries, resources, and shiny things. Inspired by awesome-... stuff.",69200
Awesome Lists,binhnguyennus,https://github.com/binhnguyennus,awesome-scalability,https://github.com/binhnguyennus/awesome-scalability,"The Patterns of Scalable, Reliable, and Performant Large-Scale Systems",68000
Awesome Lists,prakhar1989,https://github.com/prakhar1989,awesome-courses,https://github.com/prakhar1989/awesome-courses,ğŸ“š List of awesome university courses for learning Computer Science!,65900
Awesome Lists,sindresorhus,https://github.com/sindresorhus,awesome-nodejs,https://github.com/sindresorhus/awesome-nodejs,âš¡ Delightful Node.js packages and resources,64599
Awesome Lists,Solido,https://github.com/Solido,awesome-flutter,https://github.com/Solido/awesome-flutter,"An awesome list that curates the best Flutter libraries, tools, tutorials, articles and more.",58700
Awesome Lists,wasabeef,https://github.com/wasabeef,awesome-android-ui,https://github.com/wasabeef/awesome-android-ui,A curated list of awesome Android UI/UX libraries,55100
Awesome Lists,rust-unofficial,https://github.com/rust-unofficial,awesome-rust,https://github.com/rust-unofficial/awesome-rust,A curated list of Rust code and resources.,55100
Awesome Lists,tiimgreen,https://github.com/tiimgreen,github-cheat-sheet,https://github.com/tiimgreen/github-cheat-sheet,A list of cool features of Git and GitHub.,54700
Chrome,electron,https://github.com/electron,electron,https://github.com/electron/electron,"Build cross-platform desktop apps with JavaScript, HTML, and CSS",120000
Chrome,puppeteer,https://github.com/puppeteer,puppeteer,https://github.com/puppeteer/puppeteer,JavaScript API for Chrome and Firefox,93400
Chrome,microsoft,https://github.com/microsoft,playwright,https://github.com/microsoft/playwright,"Playwright is a framework for Web Testing and Automation. It allows testing Chromium, Firefox and WebKit with a single API.",81500
Chrome,FiloSottile,https://github.com/FiloSottile,mkcert,https://github.com/FiloSottile/mkcert,A simple zero-config tool to make locally trusted development certificates with any names you'd like.,57800
Chrome,jaywcjlove,https://github.com/jaywcjlove,linux-command,https://github.com/jaywcjlove/linux-command,Linuxå‘½ä»¤å¤§å…¨æœç´¢å·¥å…·ï¼Œå†…å®¹åŒ…å«Linuxå‘½ä»¤æ‰‹å†Œã€è¯¦è§£ã€å­¦ä¹ ã€æœé›†ã€‚https://git.io/linux,35400
Chrome,feder-cr,https://github.com/feder-cr,Jobs_Applier_AI_Agent_AIHawk,https://github.com/feder-cr/Jobs_Applier_AI_Agent_AIHawk,"AIHawk aims to easy job hunt process by automating the job application process. Utilizing artificial intelligence, it enables users to apply for multiple jobs in a tailored way.",29300
Chrome,ovity,https://github.com/ovity,octotree,https://github.com/ovity/octotree,GitHub on steroids,23100
Chrome,ChromeDevTools,https://github.com/ChromeDevTools,chrome-devtools-mcp,https://github.com/ChromeDevTools/chrome-devtools-mcp,Chrome DevTools for coding agents,21700
Chrome,gildas-lormeau,https://github.com/gildas-lormeau,SingleFile,https://github.com/gildas-lormeau/SingleFile,Web Extension for saving a faithful copy of a complete web page in a single HTML file,20000
Chrome,segment-boneyard,https://github.com/segment-boneyard,nightmare,https://github.com/segment-boneyard/nightmare,A high-level browser automation library.,20000
Chrome,xifangczy,https://github.com/xifangczy,cat-catch,https://github.com/xifangczy/cat-catch,çŒ«æŠ“ æµè§ˆå™¨èµ„æºå—…æ¢æ‰©å±• / cat-catch Browser Resource Sniffing Extension,17700
Chrome,GoogleChrome,https://github.com/GoogleChrome,chrome-extensions-samples,https://github.com/GoogleChrome/chrome-extensions-samples,Chrome Extensions Samples,17300
Chrome,checkly,https://github.com/checkly,headless-recorder,https://github.com/checkly/headless-recorder,Chrome extension that records your browser interactions and generates a Playwright or Puppeteer script.,15200
Chrome,google,https://github.com/google,WebFundamentals,https://github.com/google/WebFundamentals,Former git repo for WebFundamentals on developers.google.com,13900
Chrome,moonD4rk,https://github.com/moonD4rk,HackBrowserData,https://github.com/moonD4rk/HackBrowserData,"Extract and decrypt browser data, supporting multiple data types, runnable on various operating systems (macOS, Windows, Linux).",13500
Chrome,schickling,https://github.com/schickling,chromeless,https://github.com/schickling/chromeless,ğŸ–¥ Chrome automation made simple. Runs locally or headless on AWS Lambda.,13300
Chrome,MetaMask,https://github.com/MetaMask,metamask-extension,https://github.com/MetaMask/metamask-extension,ğŸŒ ğŸ”Œ The MetaMask browser extension enables browsing Ethereum blockchain enabled websites,13100
Chrome,crimx,https://github.com/crimx,ext-saladict,https://github.com/crimx/ext-saladict,"ğŸ¥— All-in-one professional pop-up dictionary and page translator which supports multiple search modes, page translations, new word notebook and PDF selection searching.",13000
Chrome,amir1376,https://github.com/amir1376,ab-download-manager,https://github.com/amir1376/ab-download-manager,A Download Manager that speeds up your downloads,12900
Chrome,chromedp,https://github.com/chromedp,chromedp,https://github.com/chromedp/chromedp,"A faster, simpler way to drive browsers supporting the Chrome DevTools Protocol.",12700
Code quality,realm,https://github.com/realm,SwiftLint,https://github.com/realm/SwiftLint,A tool to enforce Swift style and conventions.,19400
Code quality,keploy,https://github.com/keploy,keploy,https://github.com/keploy/keploy,"API, Integration, E2E Testing Agent for Developers that actually work. Generate tests, mocks/stubs for your APIs!",15500
Code quality,facebook,https://github.com/facebook,infer,https://github.com/facebook/infer,"A static analyzer for Java, C, C++, and Objective-C",15500
Code quality,federico-busato,https://github.com/federico-busato,Modern-CPP-Programming,https://github.com/federico-busato/Modern-CPP-Programming,Modern C++ Programming Course (C++03/11/14/17/20/23/26),14600
Code quality,analysis-tools-dev,https://github.com/analysis-tools-dev,static-analysis,https://github.com/analysis-tools-dev/static-analysis,"âš™ï¸ A curated list of static analysis (SAST) tools and linters for all programming languages, config files, build tools, and more. The focus is on tools which improve code quality.",14300
Code quality,Kristories,https://github.com/Kristories,awesome-guidelines,https://github.com/Kristories/awesome-guidelines,A curated list of high quality coding style conventions and standards.,10500
Code quality,super-linter,https://github.com/super-linter,super-linter,https://github.com/super-linter/super-linter,Combination of multiple linters to run as a GitHub Action or standalone,10300
Code quality,SonarSource,https://github.com/SonarSource,sonarqube,https://github.com/SonarSource/sonarqube,Continuous Inspection,10200
Code quality,reviewdog,https://github.com/reviewdog,reviewdog,https://github.com/reviewdog/reviewdog,ğŸ¶ Automated code review tool integrated with any code analysis tools regardless of programming language,9000
Code quality,checkstyle,https://github.com/checkstyle,checkstyle,https://github.com/checkstyle/checkstyle,"Checkstyle is a development tool to help programmers write Java code that adheres to a coding standard. By default it supports the Google Java Style Guide and Sun Code Conventions, but is highly configurable. It can be invoked with an ANT task and a command line program.",8800
Code quality,facebook,https://github.com/facebook,pyre-check,https://github.com/facebook/pyre-check,Performant type-checking for python.,7100
Code quality,detekt,https://github.com/detekt,detekt,https://github.com/detekt/detekt,Static code analysis for Kotlin,6800
Code quality,trekhleb,https://github.com/trekhleb,state-of-the-art-shitcode,https://github.com/trekhleb/state-of-the-art-shitcode,ğŸ’©State-of-the-art shitcode principles your project should follow to call it a proper shitcode,6100
Code quality,import-js,https://github.com/import-js,eslint-plugin-import,https://github.com/import-js/eslint-plugin-import,ESLint plugin with rules that help validate proper imports.,5900
Code quality,pylint-dev,https://github.com/pylint-dev,pylint,https://github.com/pylint-dev/pylint,It's not just a linter that annoys you!,5600
Code quality,pmd,https://github.com/pmd,pmd,https://github.com/pmd/pmd,An extensible multilanguage static code analyzer.,5300
Code quality,facebook,https://github.com/facebook,pyrefly,https://github.com/facebook/pyrefly,A fast type checker and language server for Python,5200
Code quality,kucherenko,https://github.com/kucherenko,jscpd,https://github.com/kucherenko/jscpd,Copy/paste detector for programming source code.,5200
Code quality,simplecov-ruby,https://github.com/simplecov-ruby,simplecov,https://github.com/simplecov-ruby/simplecov,Code coverage for Ruby with a powerful configuration library and automatic merging of coverage across test suites,4900
Code quality,phpro,https://github.com/phpro,grumphp,https://github.com/phpro/grumphp,A PHP code-quality tool,4300
Compiler,vercel,https://github.com/vercel,next.js,https://github.com/vercel/next.js,The React Framework,137000
Compiler,rust-lang,https://github.com/rust-lang,rust,https://github.com/rust-lang/rust,Empowering everyone to build reliable and efficient software.,110000
Compiler,sveltejs,https://github.com/sveltejs,svelte,https://github.com/sveltejs/svelte,web development for the rest of us,85500
Compiler,webpack,https://github.com/webpack,webpack,https://github.com/webpack/webpack,"A bundler for javascript and friends. Packs many modules into a few bundled assets. Code Splitting allows for loading parts of the application on demand. Through ""loaders"", modules can be CommonJs, AMD, ES6 modules, CSS, Images, JSON, Coffeescript, LESS, ... and your custom stuff.",65900
Compiler,FuelLabs,https://github.com/FuelLabs,sway,https://github.com/FuelLabs/sway,ğŸŒ´ Empowering everyone to build reliable and efficient smart contracts.,62000
Compiler,gatsbyjs,https://github.com/gatsbyjs,gatsby,https://github.com/gatsbyjs/gatsby,"The best React-based framework with performance, scalability and security built in.",56000
Compiler,JetBrains,https://github.com/JetBrains,kotlin,https://github.com/JetBrains/kotlin,The Kotlin Programming Language.,52200
Compiler,typst,https://github.com/typst,typst,https://github.com/typst/typst,A markup-based typesetting system that is powerful and easy to learn.,50700
Compiler,parcel-bundler,https://github.com/parcel-bundler,parcel,https://github.com/parcel-bundler/parcel,The zero configuration build tool for the web. ğŸ“¦ğŸš€,44000
Compiler,babel,https://github.com/babel,babel,https://github.com/babel/babel,ğŸ  Babel is a compiler for writing next generation JavaScript.,43900
Compiler,ziglang,https://github.com/ziglang,zig,https://github.com/ziglang/zig,Moved to Codeberg,42600
Compiler,evanw,https://github.com/evanw,esbuild,https://github.com/evanw/esbuild,An extremely fast bundler for the web,39600
Compiler,vlang,https://github.com/vlang,v,https://github.com/vlang/v,"Simple, fast, safe, compiled language for developing maintainable software. Compiles itself in <1s with zero library dependencies. Supports automatic C => V translation. https://vlang.io",37300
Compiler,markedjs,https://github.com/markedjs,marked,https://github.com/markedjs/marked,A markdown parser and compiler. Built for speed.,36500
Compiler,carbon-language,https://github.com/carbon-language,carbon-lang,https://github.com/carbon-language/carbon-lang,"Carbon Language's main repository: documents, design, implementation, and related tools. (NOTE: Carbon Language is experimental; see README)",33600
Compiler,swc-project,https://github.com/swc-project,swc,https://github.com/swc-project/swc,Rust-based platform for the Web,33200
Compiler,v8,https://github.com/v8,v8,https://github.com/v8/v8,The official mirror of the V8 Git repository,24800
Compiler,vercel,https://github.com/vercel,pkg,https://github.com/vercel/pkg,Package your Node.js project into an executable,24400
Compiler,RustPython,https://github.com/RustPython,RustPython,https://github.com/RustPython/RustPython,A Python Interpreter written in Rust,21700
Compiler,oracle,https://github.com/oracle,graal,https://github.com/oracle/graal,"GraalVM compiles applications into native executables that start instantly, scale fast, and use fewer compute resources ğŸš€",21400
CSS,twbs,https://github.com/twbs,bootstrap,https://github.com/twbs/bootstrap,"The most popular HTML, CSS, and JavaScript framework for developing responsive, mobile first projects on the web.",174000
CSS,Chalarangelo,https://github.com/Chalarangelo,30-seconds-of-code,https://github.com/Chalarangelo/30-seconds-of-code,Coding articles to level up your development skills,126000
CSS,electron,https://github.com/electron,electron,https://github.com/electron/electron,"Build cross-platform desktop apps with JavaScript, HTML, and CSS",120000
CSS,microsoft,https://github.com/microsoft,Web-Dev-For-Beginners,https://github.com/microsoft/Web-Dev-For-Beginners,"24 Lessons, 12 Weeks, Get Started as a Web Developer",95100
CSS,tailwindlabs,https://github.com/tailwindlabs,tailwindcss,https://github.com/tailwindlabs/tailwindcss,A utility-first CSS framework for rapid UI development.,93100
CSS,florinpop17,https://github.com/florinpop17,app-ideas,https://github.com/florinpop17/app-ideas,A Collection of application ideas which can be used to improve your coding skills.,89800
CSS,animate-css,https://github.com/animate-css,animate.css,https://github.com/animate-css/animate.css,ğŸ¿ A cross-browser library of CSS animations. As easy to use as an easy thing.,82600
CSS,FortAwesome,https://github.com/FortAwesome,Font-Awesome,https://github.com/FortAwesome/Font-Awesome,"The iconic SVG, font, and CSS toolkit",76200
CSS,thedaviddias,https://github.com/thedaviddias,Front-End-Checklist,https://github.com/thedaviddias/Front-End-Checklist,ğŸ—‚ The perfect Front-End Checklist for modern websites and meticulous developers,72000
CSS,juliangarnier,https://github.com/juliangarnier,anime,https://github.com/juliangarnier/anime,JavaScript animation engine,65900
CSS,h5bp,https://github.com/h5bp,html5-boilerplate,https://github.com/h5bp/html5-boilerplate,"A professional front-end template for building fast, robust, and adaptable web apps or sites.",57400
CSS,necolas,https://github.com/necolas,normalize.css,https://github.com/necolas/normalize.css,A modern alternative to CSS resets,53800
CSS,prettier,https://github.com/prettier,prettier,https://github.com/prettier/prettier,Prettier is an opinionated code formatter.,51400
CSS,jgthms,https://github.com/jgthms,bulma,https://github.com/jgthms/bulma,Modern CSS framework based on Flexbox,50100
CSS,Asabeneh,https://github.com/Asabeneh,30-Days-Of-JavaScript,https://github.com/Asabeneh/30-Days-Of-JavaScript,"30 days of JavaScript programming challenge is a step-by-step guide to learn JavaScript programming language in 30 days. This challenge may take more than 100 days, please just follow your own pace. These videos may help too: https://www.youtube.com/channel/UC7PNRuno1rzYPb1xLa4yktw",45900
CSS,ColorlibHQ,https://github.com/ColorlibHQ,AdminLTE,https://github.com/ColorlibHQ/AdminLTE,AdminLTE - Free admin dashboard template based on Bootstrap 5,45300
CSS,vercel,https://github.com/vercel,hyper,https://github.com/vercel/hyper,A terminal built on web technologies,44700
CSS,parcel-bundler,https://github.com/parcel-bundler,parcel,https://github.com/parcel-bundler/parcel,The zero configuration build tool for the web. ğŸ“¦ğŸš€,44000
CSS,yangshun,https://github.com/yangshun,front-end-interview-handbook,https://github.com/yangshun/front-end-interview-handbook,Front End interview preparation materials for busy engineers (updated for 2025),43800
CSS,styled-components,https://github.com/styled-components,styled-components,https://github.com/styled-components/styled-components,Visual primitives for the component age. Use the best bits of ES6 and CSS to style your apps without stress ğŸ’…,41000
Database,supabase,https://github.com/supabase,supabase,https://github.com/supabase/supabase,"The Postgres development platform. Supabase gives you a dedicated Postgres database to build your web, mobile, and AI applications.",96500
Database,netdata,https://github.com/netdata,netdata,https://github.com/netdata/netdata,"The fastest path to AI-powered full stack observability, even for lean teams.",77400
Database,redis,https://github.com/redis,redis,https://github.com/redis/redis,"For developers, who are building real-time data-driven applications, Redis is the preferred, fastest, and most feature-rich cache, data structure server, and document and vector query engine.",72600
Database,Asabeneh,https://github.com/Asabeneh,30-Days-Of-Python,https://github.com/Asabeneh/30-Days-Of-Python,The 30 Days of Python programming challenge is a step-by-step guide to learn the Python programming language in 30 days. This challenge may take more than 100 days. Follow your own pace. These videos may help too: https://www.youtube.com/channel/UC7PNRuno1rzYPb1xLa4yktw,56000
Database,meilisearch,https://github.com/meilisearch,meilisearch,https://github.com/meilisearch/meilisearch,A lightning-fast search engine API bringing AI-powered hybrid search to your sites and applications.,55500
Database,etcd-io,https://github.com/etcd-io,etcd,https://github.com/etcd-io/etcd,Distributed reliable key-value store for the most critical data of a distributed system,51400
Database,dbeaver,https://github.com/dbeaver,dbeaver,https://github.com/dbeaver/dbeaver,Free universal database tool and SQL client,48300
Database,metabase,https://github.com/metabase,metabase,https://github.com/metabase/metabase,The easy-to-use open source Business Intelligence and Embedded Analytics tool that lets everyone work with data ğŸ“Š,45700
Database,ClickHouse,https://github.com/ClickHouse,ClickHouse,https://github.com/ClickHouse/ClickHouse,ClickHouseÂ® is a real-time analytics database management system,45300
Database,LeCoupa,https://github.com/LeCoupa,awesome-cheatsheets,https://github.com/LeCoupa/awesome-cheatsheets,"ğŸ‘©â€ğŸ’»ğŸ‘¨â€ğŸ’» Awesome cheatsheets for popular programming languages, frameworks and development tools. They include everything you should know in one single file.",45200
Database,prisma,https://github.com/prisma,prisma,https://github.com/prisma/prisma,"Next-generation ORM for Node.js & TypeScript | PostgreSQL, MySQL, MariaDB, SQL Server, SQLite, MongoDB and CockroachDB",45100
Database,pingcap,https://github.com/pingcap,tidb,https://github.com/pingcap/tidb,"TiDB - the open-source, cloud-native, distributed SQL database designed for modern applications.",39600
Database,QuivrHQ,https://github.com/QuivrHQ,quivr,https://github.com/QuivrHQ/quivr,"Opiniated RAG for integrating GenAI in your apps ğŸ§  Focus on your product rather than the RAG. Easy integration in existing products with customisation! Any LLM: GPT4, Groq, Llama. Any Vectorstore: PGVector, Faiss. Any Files. Anyway you want.",38900
Database,huihut,https://github.com/huihut,interview,https://github.com/huihut/interview,"ğŸ“š C/C++ æŠ€æœ¯é¢è¯•åŸºç¡€çŸ¥è¯†æ€»ç»“ï¼ŒåŒ…æ‹¬è¯­è¨€ã€ç¨‹åºåº“ã€æ•°æ®ç»“æ„ã€ç®—æ³•ã€ç³»ç»Ÿã€ç½‘ç»œã€é“¾æ¥è£…è½½åº“ç­‰çŸ¥è¯†åŠé¢è¯•ç»éªŒã€æ‹›è˜ã€å†…æ¨ç­‰ä¿¡æ¯ã€‚This repository is a summary of the basic knowledge of recruiting job seekers and beginners in the direction of C/C++ technology, including language, program library, data structure, algorithm, system, network, link loading library, interview experience, recruitment, recommendationâ€¦",37400
Database,sqlmapproject,https://github.com/sqlmapproject,sqlmap,https://github.com/sqlmapproject/sqlmap,Automatic SQL injection and database takeover tool,36300
Database,typeorm,https://github.com/typeorm,typeorm,https://github.com/typeorm/typeorm,"ORM for TypeScript and JavaScript. Supports MySQL, PostgreSQL, MariaDB, SQLite, MS SQL Server, Oracle, SAP Hana, WebSQL databases. Works in NodeJS, Browser, Ionic, Cordova and Electron platforms.",36300
Database,SheetJS,https://github.com/SheetJS,sheetjs,https://github.com/SheetJS/sheetjs,ğŸ“— SheetJS Spreadsheet Data Toolkit -- New home https://git.sheetjs.com/SheetJS/sheetjs,36100
Database,duckdb,https://github.com/duckdb,duckdb,https://github.com/duckdb/duckdb,DuckDB is an analytical in-process SQL database management system,35500
Database,directus,https://github.com/directus,directus,https://github.com/directus/directus,"The flexible backend for all your projects ğŸ° Turn your DB into a headless CMS, admin panels, or apps with a custom UI, instant APIs, auth & more.",34000
Database,cockroachdb,https://github.com/cockroachdb,cockroach,https://github.com/cockroachdb/cockroach,"CockroachDB â€” the cloud native, distributed SQL database designed for high availability, effortless scale, and control over data placement.",31800
Front end,facebook,https://github.com/facebook,react,https://github.com/facebook/react,The library for web and native user interfaces.,242000
Front end,vuejs,https://github.com/vuejs,vue,https://github.com/vuejs/vue,"This is the repo for Vue 2. For Vue 3, go to https://github.com/vuejs/core",210000
Front end,vitejs,https://github.com/vitejs,vite,https://github.com/vitejs/vite,Next generation frontend tooling. It's fast!,77700
Front end,thedaviddias,https://github.com/thedaviddias,Front-End-Checklist,https://github.com/thedaviddias/Front-End-Checklist,ğŸ—‚ The perfect Front-End Checklist for modern websites and meticulous developers,72000
Front end,ionic-team,https://github.com/ionic-team,ionic-framework,https://github.com/ionic-team/ionic-framework,"A powerful cross-platform UI toolkit for building native-quality iOS, Android, and Progressive Web Apps with HTML, CSS, and JavaScript.",52300
Front end,expo,https://github.com/expo,expo,https://github.com/expo/expo,"An open-source framework for making universal native apps with React. Expo runs on Android, iOS, and the web.",46600
Front end,dypsilon,https://github.com/dypsilon,frontend-dev-bookmarks,https://github.com/dypsilon/frontend-dev-bookmarks,Manually curated collection of resources for frontend web developers.,45800
Front end,LeCoupa,https://github.com/LeCoupa,awesome-cheatsheets,https://github.com/LeCoupa/awesome-cheatsheets,"ğŸ‘©â€ğŸ’»ğŸ‘¨â€ğŸ’» Awesome cheatsheets for popular programming languages, frameworks and development tools. They include everything you should know in one single file.",45200
Front end,GitHubDaily,https://github.com/GitHubDaily,GitHubDaily,https://github.com/GitHubDaily/GitHubDaily,"åšæŒåˆ†äº« GitHub ä¸Šé«˜è´¨é‡ã€æœ‰è¶£å®ç”¨çš„å¼€æºæŠ€æœ¯æ•™ç¨‹ã€å¼€å‘è€…å·¥å…·ã€ç¼–ç¨‹ç½‘ç«™ã€æŠ€æœ¯èµ„è®¯ã€‚A list cool, interesting projects of GitHub.",44600
Front end,NaiboWang,https://github.com/NaiboWang,EasySpider,https://github.com/NaiboWang/EasySpider,A visual no-code/code-free web crawler/spideræ˜“é‡‡é›†ï¼šä¸€ä¸ªå¯è§†åŒ–æµè§ˆå™¨è‡ªåŠ¨åŒ–æµ‹è¯•/æ•°æ®é‡‡é›†/çˆ¬è™«è½¯ä»¶ï¼Œå¯ä»¥æ— ä»£ç å›¾å½¢åŒ–çš„è®¾è®¡å’Œæ‰§è¡Œçˆ¬è™«ä»»åŠ¡ã€‚åˆ«åï¼šServiceWrapperé¢å‘Webåº”ç”¨çš„æ™ºèƒ½åŒ–æœåŠ¡å°è£…ç³»ç»Ÿã€‚,43900
Front end,fastapi,https://github.com/fastapi,full-stack-fastapi-template,https://github.com/fastapi/full-stack-fastapi-template,"Full stack, modern web application template. Using FastAPI, React, SQLModel, PostgreSQL, Docker, GitHub Actions, automatic HTTPS and more.",40800
Front end,QuivrHQ,https://github.com/QuivrHQ,quivr,https://github.com/QuivrHQ/quivr,"Opiniated RAG for integrating GenAI in your apps ğŸ§  Focus on your product rather than the RAG. Easy integration in existing products with customisation! Any LLM: GPT4, Groq, Llama. Any Vectorstore: PGVector, Faiss. Any Files. Anyway you want.",38900
Front end,CorentinTh,https://github.com/CorentinTh,it-tools,https://github.com/CorentinTh/it-tools,"Collection of handy online tools for developers, with great UX.",36600
Front end,xitu,https://github.com/xitu,gold-miner,https://github.com/xitu/gold-miner,ğŸ¥‡æ˜é‡‘ç¿»è¯‘è®¡åˆ’ï¼Œå¯èƒ½æ˜¯ä¸–ç•Œæœ€å¤§æœ€å¥½çš„è‹±è¯‘ä¸­æŠ€æœ¯ç¤¾åŒºï¼Œæœ€æ‡‚è¯»è€…å’Œè¯‘è€…çš„ç¿»è¯‘å¹³å°ï¼š,34300
Front end,mouredev,https://github.com/mouredev,Hello-Python,https://github.com/mouredev/Hello-Python,"Curso para aprender el lenguaje de programaciÃ³n Python desde cero y para principiantes. 100 clases, 44 horas en vÃ­deo, cÃ³digo, proyectos y grupo de chat. Fundamentos, frontend, backend, testing, IA...",34000
Front end,ascoders,https://github.com/ascoders,weekly,https://github.com/ascoders/weekly,å‰ç«¯ç²¾è¯»å‘¨åˆŠã€‚å¸®ä½ ç†è§£æœ€å‰æ²¿ã€å®ç”¨çš„æŠ€æœ¯ã€‚,30800
Front end,Dokploy,https://github.com/Dokploy,dokploy,https://github.com/Dokploy/dokploy,"Open Source Alternative to Vercel, Netlify and Heroku.",29300
Front end,haizlin,https://github.com/haizlin,fe-interview,https://github.com/haizlin/fe-interview,å‰ç«¯é¢è¯•æ¯æ—¥ 3+1ï¼Œä»¥é¢è¯•é¢˜æ¥é©±åŠ¨å­¦ä¹ ï¼Œæå€¡æ¯æ—¥å­¦ä¹ ä¸æ€è€ƒï¼Œæ¯å¤©è¿›æ­¥ä¸€ç‚¹ï¼æ¯å¤©æ—©ä¸Š5ç‚¹çº¯æ‰‹å·¥å‘å¸ƒé¢è¯•é¢˜ï¼ˆæ­»ç£•è‡ªå·±ï¼Œæ„‰æ‚¦å¤§å®¶ï¼‰ï¼Œ6000+é“å‰ç«¯é¢è¯•é¢˜å…¨é¢è¦†ç›–ï¼ŒHTML/CSS/JavaScript/Vue/React/Nodejs/TypeScript/ECMAScritpt/Webpack/Jquery/å°ç¨‹åº/è½¯æŠ€èƒ½â€¦â€¦,26200
Front end,onlook-dev,https://github.com/onlook-dev,onlook,https://github.com/onlook-dev/onlook,"The Cursor for Designers â€¢ An Open-Source AI-First Design tool â€¢ Visually build, style, and edit your React App with AI",24500
Front end,iview,https://github.com/iview,iview,https://github.com/iview/iview,A high quality UI Toolkit built on Vue.js 2.0,23900
JavaScript,freeCodeCamp,https://github.com/freeCodeCamp,freeCodeCamp,https://github.com/freeCodeCamp/freeCodeCamp,"freeCodeCamp.org's open-source codebase and curriculum. Learn math, programming, and computer science for free.",436000
JavaScript,practical-tutorials,https://github.com/practical-tutorials,project-based-learning,https://github.com/practical-tutorials/project-based-learning,Curated list of project-based tutorials,256000
JavaScript,facebook,https://github.com/facebook,react,https://github.com/facebook/react,The library for web and native user interfaces.,242000
JavaScript,vuejs,https://github.com/vuejs,vue,https://github.com/vuejs/vue,"This is the repo for Vue 2. For Vue 3, go to https://github.com/vuejs/core",210000
JavaScript,trekhleb,https://github.com/trekhleb,javascript-algorithms,https://github.com/trekhleb/javascript-algorithms,ğŸ“ Algorithms and data structures implemented in JavaScript with explanations and links to further readings,195000
JavaScript,getify,https://github.com/getify,You-Dont-Know-JS,https://github.com/getify/You-Dont-Know-JS,A book series (2 published editions) on the JS language.,184000
JavaScript,twbs,https://github.com/twbs,bootstrap,https://github.com/twbs/bootstrap,"The most popular HTML, CSS, and JavaScript framework for developing responsive, mobile first projects on the web.",174000
JavaScript,airbnb,https://github.com/airbnb,javascript,https://github.com/airbnb/javascript,JavaScript Style Guide,148000
JavaScript,Chalarangelo,https://github.com/Chalarangelo,30-seconds-of-code,https://github.com/Chalarangelo/30-seconds-of-code,Coding articles to level up your development skills,126000
JavaScript,electron,https://github.com/electron,electron,https://github.com/electron/electron,"Build cross-platform desktop apps with JavaScript, HTML, and CSS",120000
JavaScript,justjavac,https://github.com/justjavac,free-programming-books-zh_CN,https://github.com/justjavac/free-programming-books-zh_CN,ğŸ“š å…è´¹çš„è®¡ç®—æœºç¼–ç¨‹ç±»ä¸­æ–‡ä¹¦ç±ï¼Œæ¬¢è¿æŠ•ç¨¿,116000
JavaScript,nodejs,https://github.com/nodejs,node,https://github.com/nodejs/node,Node.js JavaScript runtime âœ¨ğŸ¢ğŸš€âœ¨,115000
JavaScript,mrdoob,https://github.com/mrdoob,three.js,https://github.com/mrdoob/three.js,JavaScript 3D Library.,110000
JavaScript,axios,https://github.com/axios,axios,https://github.com/axios/axios,Promise based HTTP client for the browser and node.js,109000
JavaScript,microsoft,https://github.com/microsoft,TypeScript,https://github.com/microsoft/TypeScript,TypeScript is a superset of JavaScript that compiles to clean JavaScript output.,107000
JavaScript,denoland,https://github.com/denoland,deno,https://github.com/denoland/deno,A modern runtime for JavaScript and TypeScript.,106000
JavaScript,goldbergyoni,https://github.com/goldbergyoni,nodebestpractices,https://github.com/goldbergyoni/nodebestpractices,âœ… The Node.js best practices list (July 2024),105000
JavaScript,angular,https://github.com/angular,angular,https://github.com/angular/angular,Deliver web apps with confidence ğŸš€,99700
JavaScript,microsoft,https://github.com/microsoft,Web-Dev-For-Beginners,https://github.com/microsoft/Web-Dev-For-Beginners,"24 Lessons, 12 Weeks, Get Started as a Web Developer",95100
JavaScript,ryanmcdermott,https://github.com/ryanmcdermott,clean-code-javascript,https://github.com/ryanmcdermott/clean-code-javascript,Clean Code concepts adapted for JavaScript,94300
Node.js,freeCodeCamp,https://github.com/freeCodeCamp,freeCodeCamp,https://github.com/freeCodeCamp/freeCodeCamp,"freeCodeCamp.org's open-source codebase and curriculum. Learn math, programming, and computer science for free.",436000
Node.js,Chalarangelo,https://github.com/Chalarangelo,30-seconds-of-code,https://github.com/Chalarangelo/30-seconds-of-code,Coding articles to level up your development skills,126000
Node.js,electron,https://github.com/electron,electron,https://github.com/electron/electron,"Build cross-platform desktop apps with JavaScript, HTML, and CSS",120000
Node.js,nodejs,https://github.com/nodejs,node,https://github.com/nodejs/node,Node.js JavaScript runtime âœ¨ğŸ¢ğŸš€âœ¨,115000
Node.js,axios,https://github.com/axios,axios,https://github.com/axios/axios,Promise based HTTP client for the browser and node.js,109000
Node.js,goldbergyoni,https://github.com/goldbergyoni,nodebestpractices,https://github.com/goldbergyoni/nodebestpractices,âœ… The Node.js best practices list (July 2024),105000
Node.js,nvm-sh,https://github.com/nvm-sh,nvm,https://github.com/nvm-sh/nvm,Node Version Manager - POSIX-compliant bash script to manage multiple active node.js versions,90900
Node.js,immich-app,https://github.com/immich-app,immich,https://github.com/immich-app/immich,High performance self-hosted photo and video management solution.,89500
Node.js,oven-sh,https://github.com/oven-sh,bun,https://github.com/oven-sh/bun,"Incredibly fast JavaScript runtime, bundler, test runner, and package manager â€“ all in one",86500
Node.js,nestjs,https://github.com/nestjs,nest,https://github.com/nestjs/nest,"A progressive Node.js framework for building efficient, scalable, and enterprise-grade server-side applications with TypeScript/JavaScript ğŸš€",74300
Node.js,strapi,https://github.com/strapi,strapi,https://github.com/strapi/strapi,"ğŸš€ Strapi is the leading open-source headless CMS. Itâ€™s 100% JavaScript/TypeScript, fully customizable, and developer-first.",71000
Node.js,expressjs,https://github.com/expressjs,express,https://github.com/expressjs/express,"Fast, unopinionated, minimalist web framework for node.",68600
Node.js,leonardomso,https://github.com/leonardomso,33-js-concepts,https://github.com/leonardomso/33-js-concepts,ğŸ“œ 33 JavaScript concepts every developer should know.,66200
Node.js,sindresorhus,https://github.com/sindresorhus,awesome-nodejs,https://github.com/sindresorhus/awesome-nodejs,âš¡ Delightful Node.js packages and resources,64599
Node.js,socketio,https://github.com/socketio,socket.io,https://github.com/socketio/socket.io,Realtime application framework (Node.JS server),62800
Node.js,openinterpreter,https://github.com/openinterpreter,open-interpreter,https://github.com/openinterpreter/open-interpreter,A natural language interface for computers,61700
Node.js,laurent22,https://github.com/laurent22,joplin,https://github.com/laurent22/joplin,"Joplin - the privacy-focused note taking app with sync capabilities for Windows, macOS, Linux, Android and iOS.",53100
Node.js,TryGhost,https://github.com/TryGhost,Ghost,https://github.com/TryGhost/Ghost,"Independent technology for modern publishing, memberships, subscriptions and newsletters.",51600
Node.js,coollabsio,https://github.com/coollabsio,coolify,https://github.com/coollabsio/coolify,"An open-source, self-hostable PaaS alternative to Vercel, Heroku & Netlify that lets you easily deploy static sites, databases, full-stack applications and 280+ one-click services on your own servers.",49700
Node.js,Asabeneh,https://github.com/Asabeneh,30-Days-Of-JavaScript,https://github.com/Asabeneh/30-Days-Of-JavaScript,"30 days of JavaScript programming challenge is a step-by-step guide to learn JavaScript programming language in 30 days. This challenge may take more than 100 days, please just follow your own pace. These videos may help too: https://www.youtube.com/channel/UC7PNRuno1rzYPb1xLa4yktw",45900
npm,goldbergyoni,https://github.com/goldbergyoni,nodebestpractices,https://github.com/goldbergyoni/nodebestpractices,âœ… The Node.js best practices list (July 2024),105000
npm,oven-sh,https://github.com/oven-sh,bun,https://github.com/oven-sh/bun,"Incredibly fast JavaScript runtime, bundler, test runner, and package manager â€“ all in one",86500
npm,meteor,https://github.com/meteor,meteor,https://github.com/meteor/meteor,"Meteor, the JavaScript App Platform",44800
npm,yarnpkg,https://github.com/yarnpkg,yarn,https://github.com/yarnpkg/yarn,The 1.x line is frozen - features and bugfixes now happen on https://github.com/yarnpkg/berry,41500
npm,lerna,https://github.com/lerna,lerna,https://github.com/lerna/lerna,"Lerna is a fast, modern build system for managing and publishing multiple JavaScript/TypeScript packages from the same repository.",36100
npm,pnpm,https://github.com/pnpm,pnpm,https://github.com/pnpm/pnpm,"Fast, disk space efficient package manager",33700
npm,honojs,https://github.com/honojs,hono,https://github.com/honojs/hono,Web framework built on Web Standards,28300
npm,apify,https://github.com/apify,crawlee,https://github.com/apify/crawlee,"Crawleeâ€”A web scraping and browser automation library for Node.js to build reliable crawlers. In JavaScript and TypeScript. Extract data for AI, LLMs, RAG, or GPTs. Download HTML, PDF, JPG, PNG, and other files from websites. Works with Puppeteer, Playwright, Cheerio, JSDOM, and raw HTTP. Both headful and headless mode. With proxy rotation.",21200
npm,renovatebot,https://github.com/renovatebot,renovate,https://github.com/renovatebot/renovate,Home of the Renovate CLI: Cross-platform Dependency Automation by Mend.io,20600
npm,marticliment,https://github.com/marticliment,UniGetUI,https://github.com/marticliment/UniGetUI,UniGetUI: The Graphical Interface for your package managers. Could be terribly described as a package manager manager to manage your package managers,20000
npm,verdaccio,https://github.com/verdaccio,verdaccio,https://github.com/verdaccio/verdaccio,A lightweight Node.js private proxy registry,17400
npm,jaywcjlove,https://github.com/jaywcjlove,reference,https://github.com/jaywcjlove/reference,ä¸ºå¼€å‘äººå‘˜åˆ†äº«å¿«é€Ÿå‚è€ƒå¤‡å¿˜æ¸…å•(é€ŸæŸ¥è¡¨),14900
npm,jaredpalmer,https://github.com/jaredpalmer,tsdx,https://github.com/jaredpalmer/tsdx,Zero-config CLI for TypeScript package development,11500
npm,raineorshine,https://github.com/raineorshine,npm-check-updates,https://github.com/raineorshine/npm-check-updates,Find newer versions of package dependencies than what your package.json allows,10100
npm,astrit,https://github.com/astrit,css.gg,https://github.com/astrit/css.gg,"700+ Pure CSS, SVG & Figma UI Icons, 6000+ glyphs, patterns, colors and layouts.",10000
npm,npm,https://github.com/npm,cli,https://github.com/npm/cli,the package manager for JavaScript,9500
npm,voidcosmos,https://github.com/voidcosmos,npkill,https://github.com/voidcosmos/npkill,List any node_modules ğŸ“¦ dir in your system and how heavy they are. You can then select which ones you want to erase to free up space ğŸ§¹,9000
npm,release-it,https://github.com/release-it,release-it,https://github.com/release-it/release-it,ğŸš€ Automate versioning and package publishing,8800
npm,tsparticles,https://github.com/tsparticles,tsparticles,https://github.com/tsparticles/tsparticles,"tsParticles - Easily create highly customizable JavaScript particles effects, confetti explosions and fireworks animations and use them as animated backgrounds for your website. Ready to use components available for React.js, Vue.js (2.x and 3.x), Angular, Svelte, jQuery, Preact, Inferno, Solid, Riot and Web Components.",8700
npm,miniMAC,https://github.com/miniMAC,magic,https://github.com/miniMAC/magic,CSS3 Animations with special effects,8600
Project management,AppFlowy-IO,https://github.com/AppFlowy-IO,AppFlowy,https://github.com/AppFlowy-IO/AppFlowy,"Bring projects, wikis, and teams together with AI. AppFlowy is the AI collaborative workspace where you achieve more without losing control of your data. The leading open source Notion alternative.",67600
Project management,makeplane,https://github.com/makeplane,plane,https://github.com/makeplane/plane,"ğŸ”¥ğŸ”¥ğŸ”¥ Open-source Jira, Linear, Monday, and ClickUp alternative. Plane is a modern project management platform to manage tasks, sprints, docs, and triage.",44600
Project management,frappe,https://github.com/frappe,erpnext,https://github.com/frappe/erpnext,Free and Open Source Enterprise Resource Planning (ERP),31200
Project management,mattermost-community,https://github.com/mattermost-community,focalboard,https://github.com/mattermost-community/focalboard,"Focalboard is an open source, self-hosted alternative to Trello, Notion, and Asana.",25700
Project management,hcengineering,https://github.com/hcengineering,platform,https://github.com/hcengineering/platform,"Huly â€” All-in-One Project Management Platform (alternative to Linear, Jira, Slack, Notion, Motion)",24200
Project management,nocobase,https://github.com/nocobase,nocobase,https://github.com/nocobase/nocobase,NocoBase is the most extensible AI-powered no-code/low-code platform for building business applications and enterprise solutions.,21300
Project management,joelparkerhenderson,https://github.com/joelparkerhenderson,architecture-decision-record,https://github.com/joelparkerhenderson/architecture-decision-record,"Architecture decision record (ADR) examples for software planning, IT leadership, and template documentation",14800
Project management,opf,https://github.com/opf,openproject,https://github.com/opf/openproject,OpenProject is the leading open source project management software.,14200
Project management,plankanban,https://github.com/plankanban,planka,https://github.com/plankanban/planka,PLANKA is the kanban-style project mastering tool for everyone.,11400
Project management,kanboard,https://github.com/kanboard,kanboard,https://github.com/kanboard/kanboard,Kanban project management software,9400
Project management,Leantime,https://github.com/Leantime,leantime,https://github.com/Leantime/leantime,"Leantime is a goals focused project management system for non-project managers. Building with ADHD, Autism, and dyslexia in mind.",8900
Project management,automazeio,https://github.com/automazeio,ccpm,https://github.com/automazeio/ccpm,Project management system for Claude Code using GitHub Issues and Git worktrees for parallel agent execution.,6100
Project management,kuaifan,https://github.com/kuaifan,dootask,https://github.com/kuaifan/dootask,DooTaskæ˜¯ä¸€æ¬¾å¼€æºåœ¨çº¿é¡¹ç›®ä»»åŠ¡ç®¡ç†å·¥å…·ï¼Œæä¾›å„ç±»æ–‡æ¡£åä½œå·¥å…·ã€åœ¨çº¿æ€ç»´å¯¼å›¾ã€åœ¨çº¿æµç¨‹å›¾ã€é¡¹ç›®ç®¡ç†ã€ä»»åŠ¡åˆ†å‘ã€å³æ—¶IMï¼Œæ–‡ä»¶ç®¡ç†ç­‰å·¥å…·ï¼›åŒæ—¶æ¶ˆæ¯åŠŸèƒ½ä½¿ç”¨éå¯¹ç§°åŠ å¯†æŠ€æœ¯è®©ä½ çš„æ²Ÿé€šæ›´å®‰å…¨ã€‚,5400
Project management,JordanKnott,https://github.com/JordanKnott,taskcafe,https://github.com/JordanKnott/taskcafe,An open source project management tool with Kanban boards,5200
Project management,mark-when,https://github.com/mark-when,markwhen,https://github.com/mark-when/markwhen,"Make a cascading timeline from markdown-like text. Supports simple American/European date styles, ISO8601, images, links, locations, and more.",4800
Project management,bbatsov,https://github.com/bbatsov,projectile,https://github.com/bbatsov/projectile,Project Interaction Library for Emacs,4200
Project management,freeplane,https://github.com/freeplane,freeplane,https://github.com/freeplane/freeplane,"Application for Mind Mapping, Knowledge Management, Project Management. Develop, organize and communicate your ideas and knowledge in the most effective way.",3900
Project management,ever-co,https://github.com/ever-co,ever-gauzy,https://github.com/ever-co/ever-gauzy,EverÂ® Gauzyâ„¢ - Open Business Management Platform (ERP/CRM/HRM/ATS/PM) - https://gauzy.co,3400
Project management,gdcmarinho,https://github.com/gdcmarinho,awesome-project,https://github.com/gdcmarinho/awesome-project,A curated list of awesome project development links,3200
Project management,usekaneo,https://github.com/usekaneo,kaneo,https://github.com/usekaneo/kaneo,"ğŸ¯ All you need. Nothing you don't. Open source project management that works for you, not against you.",3100
Python,donnemartin,https://github.com/donnemartin,system-design-primer,https://github.com/donnemartin/system-design-primer,Learn how to design large-scale systems. Prep for the system design interview. Includes Anki flashcards.,333000
Python,vinta,https://github.com/vinta,awesome-python,https://github.com/vinta/awesome-python,"An opinionated list of awesome Python frameworks, libraries, software and resources.",279000
Python,practical-tutorials,https://github.com/practical-tutorials,project-based-learning,https://github.com/practical-tutorials/project-based-learning,Curated list of project-based tutorials,256000
Python,TheAlgorithms,https://github.com/TheAlgorithms,Python,https://github.com/TheAlgorithms/Python,All Algorithms implemented in Python,217000
Python,tensorflow,https://github.com/tensorflow,tensorflow,https://github.com/tensorflow/tensorflow,An Open Source Machine Learning Framework for Everyone,193000
Python,CyC2018,https://github.com/CyC2018,CS-Notes,https://github.com/CyC2018/CS-Notes,ğŸ“š æŠ€æœ¯é¢è¯•å¿…å¤‡åŸºç¡€çŸ¥è¯†ã€Leetcodeã€è®¡ç®—æœºæ“ä½œç³»ç»Ÿã€è®¡ç®—æœºç½‘ç»œã€ç³»ç»Ÿè®¾è®¡,183000
Python,Significant-Gravitas,https://github.com/Significant-Gravitas,AutoGPT,https://github.com/Significant-Gravitas/AutoGPT,"AutoGPT is the vision of accessible AI for everyone, to use and to build on. Our mission is to provide the tools, so that you can focus on what matters.",181000
Python,huggingface,https://github.com/huggingface,transformers,https://github.com/huggingface/transformers,"ğŸ¤— Transformers: the model-definition framework for state-of-the-art machine learning models in text, vision, audio, and multimodal models, for both inference and training.",155000
Python,yt-dlp,https://github.com/yt-dlp,yt-dlp,https://github.com/yt-dlp/yt-dlp,A feature-rich command-line audio/video downloader,143000
Python,521xueweihan,https://github.com/521xueweihan,HelloGitHub,https://github.com/521xueweihan/HelloGitHub,"åˆ†äº« GitHub ä¸Šæœ‰è¶£ã€å…¥é—¨çº§çš„å¼€æºé¡¹ç›®ã€‚Share interesting, entry-level open source projects on GitHub.",141000
Python,langgenius,https://github.com/langgenius,dify,https://github.com/langgenius/dify,Production-ready platform for agentic workflow development.,127000
Python,langchain-ai,https://github.com/langchain-ai,langchain,https://github.com/langchain-ai/langchain,ğŸ¦œğŸ”— The platform for reliable agents.,125000
Python,justjavac,https://github.com/justjavac,free-programming-books-zh_CN,https://github.com/justjavac/free-programming-books-zh_CN,ğŸ“š å…è´¹çš„è®¡ç®—æœºç¼–ç¨‹ç±»ä¸­æ–‡ä¹¦ç±ï¼Œæ¬¢è¿æŠ•ç¨¿,116000
Python,Comfy-Org,https://github.com/Comfy-Org,ComfyUI,https://github.com/Comfy-Org/ComfyUI,"The most powerful and modular diffusion model GUI, api and backend with a graph/nodes interface.",101000
Python,pytorch,https://github.com/pytorch,pytorch,https://github.com/pytorch/pytorch,Tensors and Dynamic neural networks in Python with strong GPU acceleration,96800
Python,nvbn,https://github.com/nvbn,thefuck,https://github.com/nvbn/thefuck,Magnificent app which corrects your previous console command.,95200
Python,fastapi,https://github.com/fastapi,fastapi,https://github.com/fastapi/fastapi,"FastAPI framework, high performance, easy to learn, fast to code, ready for production",94300
Python,Shubhamsaboo,https://github.com/Shubhamsaboo,awesome-llm-apps,https://github.com/Shubhamsaboo/awesome-llm-apps,"Collection of awesome LLM apps with AI Agents and RAG using OpenAI, Anthropic, Gemini and opensource models.",88400
Python,django,https://github.com/django,django,https://github.com/django/django,The Web framework for perfectionists with deadlines.,86500
Python,home-assistant,https://github.com/home-assistant,core,https://github.com/home-assistant/core,ğŸ¡ Open source home automation that puts local control and privacy first.,84300
React,freeCodeCamp,https://github.com/freeCodeCamp,freeCodeCamp,https://github.com/freeCodeCamp/freeCodeCamp,"freeCodeCamp.org's open-source codebase and curriculum. Learn math, programming, and computer science for free.",436000
React,facebook,https://github.com/facebook,react,https://github.com/facebook/react,The library for web and native user interfaces.,242000
React,vercel,https://github.com/vercel,next.js,https://github.com/vercel/next.js,The React Framework,137000
React,facebook,https://github.com/facebook,react-native,https://github.com/facebook/react-native,A framework for building native applications using React,125000
React,justjavac,https://github.com/justjavac,free-programming-books-zh_CN,https://github.com/justjavac/free-programming-books-zh_CN,ğŸ“š å…è´¹çš„è®¡ç®—æœºç¼–ç¨‹ç±»ä¸­æ–‡ä¹¦ç±ï¼Œæ¬¢è¿æŠ•ç¨¿,116000
React,shadcn-ui,https://github.com/shadcn-ui,ui,https://github.com/shadcn-ui/ui,"A set of beautifully-designed, accessible components and a code distribution platform. Works with your favorite frameworks. Open Source. Open Code.",105000
React,facebook,https://github.com/facebook,create-react-app,https://github.com/facebook/create-react-app,Set up a modern web app by running one command.,104000
React,mui,https://github.com/mui,material-ui,https://github.com/mui/material-ui,Material UI: Comprehensive React component library that implements Google's Material Design. Free forever.,97700
React,ant-design,https://github.com/ant-design,ant-design,https://github.com/ant-design/ant-design,An enterprise-class UI design language and React UI library,97300
React,storybookjs,https://github.com/storybookjs,storybook,https://github.com/storybookjs/storybook,"Storybook is the industry standard workshop for building, documenting, and testing UI components in isolation",89100
React,ChatGPTNextWeb,https://github.com/ChatGPTNextWeb,NextChat,https://github.com/ChatGPTNextWeb/NextChat,âœ¨ Light and Fast AI Assistant. Support: Web | iOS | MacOS | Android | Linux | Windows,87100
React,oven-sh,https://github.com/oven-sh,bun,https://github.com/oven-sh/bun,"Incredibly fast JavaScript runtime, bundler, test runner, and package manager â€“ all in one",86500
React,enaqx,https://github.com/enaqx,awesome-react,https://github.com/enaqx/awesome-react,A collection of awesome things regarding React ecosystem,71700
React,apache,https://github.com/apache,superset,https://github.com/apache/superset,Apache Superset is a Data Visualization and Data Exploration Platform,70200
React,leonardomso,https://github.com/leonardomso,33-js-concepts,https://github.com/leonardomso/33-js-concepts,ğŸ“œ 33 JavaScript concepts every developer should know.,66200
React,facebook,https://github.com/facebook,docusaurus,https://github.com/facebook/docusaurus,Easy to maintain open source documentation websites.,63500
React,pmndrs,https://github.com/pmndrs,zustand,https://github.com/pmndrs/zustand,ğŸ» Bear necessities for state management in React,56600
React,gatsbyjs,https://github.com/gatsbyjs,gatsby,https://github.com/gatsbyjs/gatsby,"The best React-based framework with performance, scalability and security built in.",56000
React,usememos,https://github.com/usememos,memos,https://github.com/usememos/memos,"An open-source, self-hosted note-taking service. Your thoughts, your data, your control â€” no tracking, no ads, no subscription fees.",55000
React,appwrite,https://github.com/appwrite,appwrite,https://github.com/appwrite/appwrite,"AppwriteÂ® - complete cloud infrastructure for your web, mobile and AI apps. Including Auth, Databases, Storage, Functions, Messaging, Hosting, Realtime and more",54500
React Native,facebook,https://github.com/facebook,react-native,https://github.com/facebook/react-native,A framework for building native applications using React,125000
React Native,justjavac,https://github.com/justjavac,free-programming-books-zh_CN,https://github.com/justjavac/free-programming-books-zh_CN,ğŸ“š å…è´¹çš„è®¡ç®—æœºç¼–ç¨‹ç±»ä¸­æ–‡ä¹¦ç±ï¼Œæ¬¢è¿æŠ•ç¨¿,116000
React Native,storybookjs,https://github.com/storybookjs,storybook,https://github.com/storybookjs/storybook,"Storybook is the industry standard workshop for building, documenting, and testing UI components in isolation",89100
React Native,enaqx,https://github.com/enaqx,awesome-react,https://github.com/enaqx/awesome-react,A collection of awesome things regarding React ecosystem,71700
React Native,appwrite,https://github.com/appwrite,appwrite,https://github.com/appwrite/appwrite,"AppwriteÂ® - complete cloud infrastructure for your web, mobile and AI apps. Including Auth, Databases, Storage, Functions, Messaging, Hosting, Realtime and more",54500
React Native,laurent22,https://github.com/laurent22,joplin,https://github.com/laurent22/joplin,"Joplin - the privacy-focused note taking app with sync capabilities for Windows, macOS, Linux, Android and iOS.",53100
React Native,dkhamsing,https://github.com/dkhamsing,open-source-ios-apps,https://github.com/dkhamsing/open-source-ios-apps,ğŸ“± Collaborative List of Open-Source iOS Apps,48400
React Native,expo,https://github.com/expo,expo,https://github.com/expo/expo,"An open-source framework for making universal native apps with React. Expo runs on Android, iOS, and the web.",46600
React Native,react-hook-form,https://github.com/react-hook-form,react-hook-form,https://github.com/react-hook-form/react-hook-form,ğŸ“‹ React Hooks for form state management and validation (Web + React Native),44400
React Native,sudheerj,https://github.com/sudheerj,reactjs-interview-questions,https://github.com/sudheerj/reactjs-interview-questions,List of top 500 ReactJS Interview Questions & Answers....Coding exercise questions are coming soon!!,44100
React Native,NervJS,https://github.com/NervJS,taro,https://github.com/NervJS/taro,å¼€æ”¾å¼è·¨ç«¯è·¨æ¡†æ¶è§£å†³æ–¹æ¡ˆï¼Œæ”¯æŒä½¿ç”¨ React/Vue ç­‰æ¡†æ¶æ¥å¼€å‘å¾®ä¿¡/äº¬ä¸œ/ç™¾åº¦/æ”¯ä»˜å®/å­—èŠ‚è·³åŠ¨/ QQ å°ç¨‹åº/H5/React Native ç­‰åº”ç”¨ã€‚ https://taro.zone/,37200
React Native,typeorm,https://github.com/typeorm,typeorm,https://github.com/typeorm/typeorm,"ORM for TypeScript and JavaScript. Supports MySQL, PostgreSQL, MariaDB, SQLite, MS SQL Server, Oracle, SAP Hana, WebSQL databases. Works in NodeJS, Browser, Ionic, Cordova and Electron platforms.",36300
React Native,jondot,https://github.com/jondot,awesome-react-native,https://github.com/jondot/awesome-react-native,"Awesome React Native components, news, tools, and learning material!",35600
React Native,mattermost,https://github.com/mattermost,mattermost,https://github.com/mattermost/mattermost,Mattermost is an open source platform for secure collaboration across the entire software development lifecycle..,35000
React Native,jaredpalmer,https://github.com/jaredpalmer,formik,https://github.com/jaredpalmer/formik,"Build forms in React, without the tears ğŸ˜­",34400
React Native,vercel,https://github.com/vercel,swr,https://github.com/vercel/swr,React Hooks for Data Fetching,32299
React Native,react-native-elements,https://github.com/react-native-elements,react-native-elements,https://github.com/react-native-elements/react-native-elements,Cross-Platform React Native UI Toolkit,25700
React Native,react-navigation,https://github.com/react-navigation,react-navigation,https://github.com/react-navigation/react-navigation,Routing and navigation for React Native and Web apps,24400
React Native,zulip,https://github.com/zulip,zulip,https://github.com/zulip/zulip,Zulip server and web application. Open-source team chat that helps teams stay productive and focused.,24300
React Native,pubkey,https://github.com/pubkey,rxdb,https://github.com/pubkey/rxdb,"A fast, local first, reactive Database for JavaScript Applications https://rxdb.info/",23000
Scala,apache,https://github.com/apache,spark,https://github.com/apache/spark,Apache Spark - A unified analytics engine for large-scale data processing,42700
Scala,apache,https://github.com/apache,kafka,https://github.com/apache/kafka,Mirror of Apache Kafka,31700
Scala,apache,https://github.com/apache,flink,https://github.com/apache/flink,Apache Flink,25700
Scala,lichess-org,https://github.com/lichess-org,lila,https://github.com/lichess-org/lila,"â™ lichess.org: the forever free, adless and open source chess server â™",17600
Scala,heibaiying,https://github.com/heibaiying,BigData-Notes,https://github.com/heibaiying/BigData-Notes,å¤§æ•°æ®å…¥é—¨æŒ‡å— â­,16800
Scala,scala,https://github.com/scala,scala,https://github.com/scala/scala,Scala 2 compiler and standard library. Scala 2 bugs at https://github.com/scala/bug; Scala 3 at https://github.com/scala/scala3,14400
Scala,deeplearning4j,https://github.com/deeplearning4j,deeplearning4j,https://github.com/deeplearning4j/deeplearning4j,"Suite of tools for deploying and training deep learning models using the JVM. Highlights include model import for keras, tensorflow, and onnx/pytorch, a modular and tiny c++ library for running math code and a java based math library on top of the core c++ library. Also includes samediff: a pytorch/tensorflow like library for running deep learn...",14200
Scala,playframework,https://github.com/playframework,playframework,https://github.com/playframework/playframework,The Community Maintained High Velocity Web Framework For Java and Scala.,12600
Scala,apache,https://github.com/apache,predictionio,https://github.com/apache/predictionio,"PredictionIO, a machine learning server for developers and ML engineers.",12500
Scala,yahoo,https://github.com/yahoo,CMAK,https://github.com/yahoo/CMAK,CMAK is a tool for managing Apache Kafka clusters,12000
Scala,hmemcpy,https://github.com/hmemcpy,milewski-ctfp-pdf,https://github.com/hmemcpy/milewski-ctfp-pdf,Bartosz Milewski's 'Category Theory for Programmers' unofficial PDF and LaTeX source,11500
Scala,kanaka,https://github.com/kanaka,mal,https://github.com/kanaka/mal,mal - Make a Lisp,10600
Scala,lk-geimfari,https://github.com/lk-geimfari,awesomo,https://github.com/lk-geimfari/awesomo,Cool open source projects. Choose your project and get involved in Open Source development now.,9800
Scala,gitbucket,https://github.com/gitbucket,gitbucket,https://github.com/gitbucket/gitbucket,"A Git platform powered by Scala with easy installation, high extensibility & GitHub API compatibility",9300
Scala,lauris,https://github.com/lauris,awesome-scala,https://github.com/lauris/awesome-scala,"A community driven list of useful Scala libraries, frameworks and software.",9200
Scala,twitter,https://github.com/twitter,finagle,https://github.com/twitter/finagle,"A fault tolerant, protocol-agnostic RPC system",8900
Scala,gatling,https://github.com/gatling,gatling,https://github.com/gatling/gatling,Modern Load Testing as Code,6800
Scala,Angel-ML,https://github.com/Angel-ML,angel,https://github.com/Angel-ML/angel,A Flexible and Powerful Parameter Server for large-scale machine learning,6800
Scala,apache,https://github.com/apache,zeppelin,https://github.com/apache/zeppelin,"Web-based notebook that enables data-driven, interactive data analytics and collaborative documents with SQL, Scala and more.",6600
Scala,nteract,https://github.com/nteract,papermill,https://github.com/nteract/papermill,"ğŸ“š Parameterize, execute, and analyze notebooks",6400
TypeScript,microsoft,https://github.com/microsoft,vscode,https://github.com/microsoft/vscode,Visual Studio Code,181000
TypeScript,n8n-io,https://github.com/n8n-io,n8n,https://github.com/n8n-io/n8n,"Fair-code workflow automation platform with native AI capabilities. Combine visual building with custom code, self-host or cloud, 400+ integrations.",170000
TypeScript,microsoft,https://github.com/microsoft,TypeScript,https://github.com/microsoft/TypeScript,TypeScript is a superset of JavaScript that compiles to clean JavaScript output.,107000
TypeScript,denoland,https://github.com/denoland,deno,https://github.com/denoland/deno,A modern runtime for JavaScript and TypeScript.,106000
TypeScript,angular,https://github.com/angular,angular,https://github.com/angular/angular,Deliver web apps with confidence ğŸš€,99700
TypeScript,ant-design,https://github.com/ant-design,ant-design,https://github.com/ant-design/ant-design,An enterprise-class UI design language and React UI library,97300
TypeScript,immich-app,https://github.com/immich-app,immich,https://github.com/immich-app/immich,High performance self-hosted photo and video management solution.,89500
TypeScript,storybookjs,https://github.com/storybookjs,storybook,https://github.com/storybookjs/storybook,"Storybook is the industry standard workshop for building, documenting, and testing UI components in isolation",89100
TypeScript,oven-sh,https://github.com/oven-sh,bun,https://github.com/oven-sh/bun,"Incredibly fast JavaScript runtime, bundler, test runner, and package manager â€“ all in one",86500
TypeScript,mermaid-js,https://github.com/mermaid-js,mermaid,https://github.com/mermaid-js/mermaid,Generation of diagrams like flowcharts or sequence diagrams from text in a similar manner as markdown,85500
TypeScript,unionlabs,https://github.com/unionlabs,union,https://github.com/unionlabs/union,"The trust-minimized, zero-knowledge bridging protocol, designed for censorship resistance, extremely high security, and usage in decentralized finance.",74400
TypeScript,nestjs,https://github.com/nestjs,nest,https://github.com/nestjs/nest,"A progressive Node.js framework for building efficient, scalable, and enterprise-grade server-side applications with TypeScript/JavaScript ğŸš€",74300
TypeScript,enaqx,https://github.com/enaqx,awesome-react,https://github.com/enaqx/awesome-react,A collection of awesome things regarding React ecosystem,71700
TypeScript,strapi,https://github.com/strapi,strapi,https://github.com/strapi/strapi,"ğŸš€ Strapi is the leading open-source headless CMS. Itâ€™s 100% JavaScript/TypeScript, fully customizable, and developer-first.",71000
TypeScript,ionic-team,https://github.com/ionic-team,ionic-framework,https://github.com/ionic-team/ionic-framework,"A powerful cross-platform UI toolkit for building native-quality iOS, Android, and Progressive Web Apps with HTML, CSS, and JavaScript.",52300
TypeScript,prettier,https://github.com/prettier,prettier,https://github.com/prettier/prettier,Prettier is an opinionated code formatter.,51400
TypeScript,DefinitelyTyped,https://github.com/DefinitelyTyped,DefinitelyTyped,https://github.com/DefinitelyTyped/DefinitelyTyped,The repository for high quality TypeScript type definitions.,50800
TypeScript,FlowiseAI,https://github.com/FlowiseAI,Flowise,https://github.com/FlowiseAI/Flowise,"Build AI Agents, Visually",48400
TypeScript,TanStack,https://github.com/TanStack,query,https://github.com/TanStack/query,"ğŸ¤– Powerful asynchronous state management, server-state utilities and data fetching for the web. TS/JS, React Query, Solid Query, Svelte Query and Vue Query.",48200
TypeScript,type-challenges,https://github.com/type-challenges,type-challenges,https://github.com/type-challenges/type-challenges,Collection of TypeScript type challenges with online judge,47500
